date,obs,pred
2000-01-01,0.30857143,1.238161875696063
2000-01-02,0.22628571,1.3420220105475187
2000-01-03,0.20945455,1.258915723798275
2000-01-04,0.2188052,1.3190597266614437
2000-01-05,0.1814026,1.1693398907703758
2000-01-06,0.15148053,1.3997776769590378
2000-01-07,0.45818183,1.4162736511601806
2000-01-08,0.22067532,1.318857169837594
2000-01-09,0.17392208,1.1770259917147756
2000-01-10,0.3272727,1.5664768183805942
2000-01-11,0.6564156,1.7146167919604778
2000-01-12,0.31231168,1.3934517545268537
2000-01-13,0.3254026,1.4541956060934067
2000-01-14,0.4394805,1.7906749913030267
2000-01-15,0.31605196,1.5141528305271268
2000-01-16,0.29548052,1.4362101244891883
2000-01-17,0.4132987,1.4885906178747415
2000-01-18,0.39646754,1.70880265591079
2000-01-19,0.3553247,1.3568995530289412
2000-01-20,0.3384935,1.522676939529717
2000-01-21,0.30857143,1.4115807251194716
2000-01-22,0.24124676,1.5118696833714842
2000-01-23,0.21693507,1.3972361417378187
2000-01-24,0.5124156,2.0989666120603085
2000-01-25,0.6283636,2.2509450509379505
2000-01-26,0.6152727,2.1435629626832604
2000-01-27,0.6433247,1.8451128794320226
2000-01-28,0.5685195,1.8443033264269828
2000-01-29,0.41142857,1.5329991112036705
2000-01-30,0.32166234,1.5395031811487079
2000-01-31,0.3571948,1.4392389019238352
2000-02-01,0.37402597,1.587638207575798
2000-02-02,0.331013,1.3433759855884313
2000-02-03,0.32166234,1.3766574742708801
2000-02-04,0.29548052,1.2456892486899496
2000-02-05,0.28987014,1.3336312761779427
2000-02-06,0.2805195,1.232493790938139
2000-02-07,0.9088831,2.1238022094218136
2000-02-08,0.9144935,2.457918476639211
2000-02-09,0.80228573,2.0301368053664564
2000-02-10,0.6021818,1.5134987688788772
2000-02-11,0.50306493,1.5781237008938789
2000-02-12,0.49371427,1.3550004816617967
2000-02-13,0.43574026,1.4549295037201644
2000-02-14,0.3815065,1.3349265879576206
2000-02-15,0.3927273,1.4198894657813907
2000-02-16,0.4189091,1.3347043418552875
2000-02-17,0.3646753,1.3036292660856248
2000-02-18,0.30857143,1.2674622192407847
2000-02-19,0.28987014,1.234029824375987
2000-02-20,0.2936104,1.5697950012373327
2000-02-21,0.6825974,1.7468703924196363
2000-02-22,0.38524675,1.4385754002105593
2000-02-23,0.32166234,1.2805375184506178
2000-02-24,0.26181817,1.2039826368296147
2000-02-25,0.23563637,1.2000768773540258
2000-02-26,0.25807792,1.1320711883369685
2000-02-27,0.24311689,1.1490057209876179
2000-02-28,0.22628571,1.066119118037343
2000-02-29,0.18327273,1.1495114387568832
2000-03-01,0.15522078,1.099457651684165
2000-03-02,0.13838962,1.0929177094920277
2000-03-03,0.117818184,1.0487187856066824
2000-03-04,0.11594805,1.139853038512349
2000-03-05,0.5741299,1.9237124791377187
2000-03-06,0.77423376,2.3998766413993238
2000-03-07,0.40394804,1.4850441203024387
2000-03-08,0.3515844,1.2359790629458427
2000-03-09,0.30296105,1.174294171754241
2000-03-10,0.24311689,1.1743722545778155
2000-03-11,0.22628571,1.1155719775421022
2000-03-12,0.561039,1.7073045850201547
2000-03-13,1.1033766,2.153257370032966
2000-03-14,0.633974,1.5564638762652874
2000-03-15,0.49371427,1.292983839613557
2000-03-16,0.42077923,1.6544532346768974
2000-03-17,2.361974,3.08778496851033
2000-03-18,1.3857663,2.1069209457095264
2000-03-19,1.0061299,1.5245162687710523
2000-03-20,1.0734545,1.8476285219034554
2000-03-21,1.0154805,2.19554400646013
2000-03-22,0.72748053,1.6689127171357274
2000-03-23,0.5722597,1.3999020161012412
2000-03-24,1.2174546,2.2272357881921527
2000-03-25,2.8912208,4.063657894073665
2000-03-26,1.5222857,2.256097303571224
2000-03-27,1.1351688,1.676403543592155
2000-03-28,0.8752208,1.607103621659994
2000-03-29,1.1912727,2.1022474392311574
2000-03-30,0.9967792,3.002293312187016
2000-03-31,0.76675326,2.098928177509844
2000-04-01,0.806026,1.85341851835829
2000-04-02,0.8116364,1.909792968398392
2000-04-03,0.5722597,1.7390031770848036
2000-04-04,0.5068052,1.5557170322636367
2000-04-05,0.475013,1.6669410921259522
2000-04-06,0.5816104,1.8331261545777917
2000-04-07,0.44135064,1.6526764795808793
2000-04-08,0.37028572,1.3686361161599756
2000-04-09,0.3515844,1.3167452924331426
2000-04-10,0.3384935,1.2555112317755819
2000-04-11,0.7106494,1.8951708471049666
2000-04-12,0.561039,2.2695317298262716
2000-04-13,0.388987,1.491590265965879
2000-04-14,0.30857143,1.2862390480103494
2000-04-15,0.29548052,1.2824886450334787
2000-04-16,0.50119483,1.6580211746826172
2000-04-17,0.33288312,1.5087465052865743
2000-04-18,0.26742858,1.2167194422792196
2000-04-19,0.28425974,1.1055518879489898
2000-04-20,0.43574026,1.2519596095965504
2000-04-21,0.3384935,1.5256896688538193
2000-04-22,0.7910649,1.6023769811013342
2000-04-23,0.66015583,1.8783985487146975
2000-04-24,0.475013,1.4022473328279852
2000-04-25,0.37215585,1.1873751350030899
2000-04-26,0.3553247,1.2575038946445585
2000-04-27,1.4287792,2.5186605750508306
2000-04-28,0.75366235,2.900663190410912
2000-04-29,0.5685195,1.6682939883022905
2000-04-30,0.47127274,1.3868099944905043
2000-05-01,0.59657145,1.2756157382620572
2000-05-02,0.6489351,1.455226326336205
2000-05-03,0.561039,1.175363596263647
2000-05-04,0.5311169,1.0942286648080348
2000-05-05,0.52737665,0.9275552812781931
2000-05-06,0.60405195,0.9150113228712677
2000-05-07,0.52363634,0.8536753095114231
2000-05-08,0.48997402,0.9352854808120727
2000-05-09,0.4507013,0.8476350164753199
2000-05-10,0.3646753,0.8561716672785877
2000-05-11,0.39646754,0.8076102196284534
2000-05-12,0.5385974,1.184024855925262
2000-05-13,0.33475325,1.167272921103835
2000-05-14,0.288,1.0225246280298232
2000-05-15,0.3441039,0.9853639469119311
2000-05-16,0.24872728,0.933049264265418
2000-05-17,0.29548052,0.8130984037185907
2000-05-18,0.3197922,0.8785725370117425
2000-05-19,0.26742858,0.7649186044116618
2000-05-20,0.26181817,0.8206410156745911
2000-05-21,0.27677923,0.8303157337458134
2000-05-22,0.2692987,0.8447632138362526
2000-05-23,0.22815585,0.6901117531173826
2000-05-24,0.19823377,0.6374322793866396
2000-05-25,0.22067532,0.546769894874215
2000-05-26,0.26181817,0.5819148523928521
2000-05-27,0.26742858,0.7608729971156118
2000-05-28,0.73496103,2.2670740763257147
2000-05-29,0.27864936,2.1368831726706623
2000-05-30,0.16083117,1.1203779146469832
2000-05-31,0.11594805,0.9079652583356499
2000-06-01,3.5532467,3.6608810670425296
2000-06-02,2.8556883,4.775679383855522
2000-06-03,0.9836883,1.996965091154456
2000-06-04,1.3053507,2.104873260747254
2000-06-05,0.806026,1.934733350481689
2000-06-06,0.45257142,1.4173344447529912
2000-06-07,0.37402597,1.0585979485147596
2000-06-08,0.30483118,0.9693325587681532
2000-06-09,0.51054543,1.596965666112125
2000-06-10,1.6644156,2.9049055556337238
2000-06-11,0.92945457,2.197466273415625
2000-06-12,1.0248312,1.9167833365503548
2000-06-13,0.74244153,1.2928813474789858
2000-06-14,0.7031688,1.225814000925541
2000-06-15,0.45444155,1.0448443132037522
2000-06-16,0.42451948,0.9937170558794737
2000-06-17,0.4394805,1.4222088897583485
2000-06-18,11.181506,7.346591952578306
2000-06-19,6.9325714,6.3321760506610865
2000-06-20,3.7645714,2.5820700312646627
2000-06-21,2.320831,1.7777503285593987
2000-06-22,3.3606234,2.3032947966831325
2000-06-23,1.9972987,2.112799274201393
2000-06-24,1.5222857,1.7363035882034301
2000-06-25,1.1931429,1.5317557197816372
2000-06-26,0.92384416,1.375001821723342
2000-06-27,0.91636366,1.2935691236451865
2000-06-28,1.5465974,4.123192068736136
2000-06-29,21.955324,15.12158108869791
2000-06-30,10.79626,8.572414604449271
2000-07-01,5.18213,3.4393648165940642
2000-07-02,2.6742857,2.2430685303961635
2000-07-03,1.569039,2.1727165806458593
2000-07-04,1.051013,2.024113774163544
2000-07-05,0.80976623,2.4312836028836964
2000-07-06,0.7106494,2.0390594199712275
2000-07-07,0.5947013,1.6224934899562
2000-07-08,0.51615584,1.3455519205769897
2000-07-09,0.48062336,1.191758966343224
2000-07-10,0.42451948,1.1153562046272159
2000-07-11,0.3927273,1.0413219552263022
2000-07-12,0.41516882,1.0721847643909455
2000-07-13,0.3945974,1.0643055466877223
2000-07-14,0.3254026,1.0383757109315992
2000-07-15,0.31605196,0.9847608616148233
2000-07-16,0.26742858,0.9295517201731802
2000-07-17,0.24311689,0.8736583088752032
2000-07-18,0.22254546,0.8327269960696697
2000-07-19,0.18888311,0.7632462294632196
2000-07-20,0.16083117,0.7319827569672466
2000-07-21,0.13651948,0.7107231910957692
2000-07-22,0.12903896,0.7168566710594892
2000-07-23,0.1065974,0.663882262725711
2000-07-24,0.117818184,0.6432945597679613
2000-07-25,0.13651948,0.7147983323095439
2000-07-26,0.3272727,0.8857347143471836
2000-07-27,0.15896104,0.7687785121428372
2000-07-28,0.13651948,0.8023523731249571
2000-07-29,0.12155844,0.8716610608317852
2000-07-30,0.06919481,1.5366648233114482
2000-07-31,0.20571429,6.685553826558113
2000-08-01,0.51615584,8.430842758398533
2000-08-02,0.32353246,5.082384803972245
2000-08-03,0.4881039,3.9536946223246456
2000-08-04,0.36654547,3.6596754358806014
2000-08-05,0.16083117,2.0715041143181323
2000-08-06,0.17953247,1.39233243253088
2000-08-07,0.15522078,1.3061411325310468
2000-08-08,0.11220779,1.0914416878961324
2000-08-09,0.11220779,1.2212040125989914
2000-08-10,0.12903896,1.3402134289465546
2000-08-11,0.12716883,1.1414988464206457
2000-08-12,0.0878961,0.9621273617078065
2000-08-13,0.1065974,0.8838383401414751
2000-08-14,0.06545454,0.8194587149590851
2000-08-15,0.052363638,0.7282618879081011
2000-08-16,0.028051948,0.6885847551703455
2000-08-17,0.028051948,0.8912742793626784
2000-08-18,0.69194806,2.305140329395771
2000-08-19,1.8121558,2.760970052158475
2000-08-20,0.59096104,2.1967461313121914
2000-08-21,0.3758961,1.7255226293691992
2000-08-22,0.2375065,1.2452165711482763
2000-08-23,0.14961039,1.0430283144088388
2000-08-24,0.17205195,0.8898677096737624
2000-08-25,0.16457143,0.8051962601431608
2000-08-26,0.13838962,0.7507896590868235
2000-08-27,0.11033766,0.756675674488783
2000-08-28,0.11594805,0.71746447638911
2000-08-29,0.080415584,0.7407742895262239
2000-08-30,0.07480519,0.6990303219799996
2000-08-31,0.08415584,0.7305129388426543
2000-09-01,0.10098701,0.7369002216975091
2000-09-02,0.104727276,0.7493650184162854
2000-09-03,0.12342857,0.7109378851460812
2000-09-04,0.27677923,0.8276135825610758
2000-09-05,0.30296105,0.7781658476630451
2000-09-06,0.14961039,0.6860294644258023
2000-09-07,0.117818184,0.6127211560254096
2000-09-08,0.11968831,0.5987837091625332
2000-09-09,0.17392208,0.9750529684579372
2000-09-10,2.3507533,2.9300660260902047
2000-09-11,0.68633765,2.9987295527815223
2000-09-12,0.75927275,4.872840309132039
2000-09-13,5.9114804,14.987330417649268
2000-09-14,8.142546,12.519778334621906
2000-09-15,5.025039,17.92603021238327
2000-09-16,11.190857,24.92223825828743
2000-09-17,5.816104,11.194998447957992
2000-09-18,3.0632727,5.124571645426274
2000-09-19,1.771013,3.1696556856057048
2000-09-20,1.1351688,2.704392371004164
2000-09-21,0.7835844,2.239739693751752
2000-09-22,0.7181299,2.1418541760554315
2000-09-23,1.4680519,3.5560343105377554
2000-09-24,2.5639482,5.125617604631186
2000-09-25,1.2155844,2.846659545273125
2000-09-26,0.820987,2.1800397785190344
2000-09-27,0.6825974,1.8113463062652946
2000-09-28,0.48623377,1.7087673905250131
2000-09-29,0.45444155,1.5060156293325424
2000-09-30,0.47127274,1.7874255860629082
2000-10-01,1.3277922,3.969809083040655
2000-10-02,4.0787535,4.828295609150588
2000-10-03,1.9112728,4.054235360596716
2000-10-04,7.3608313,5.064089957951307
2000-10-05,3.1436882,2.7472926116580365
2000-10-06,1.8832208,2.2033652351924777
2000-10-07,1.3296623,1.8168238365677594
2000-10-08,1.122078,1.895913105932176
2000-10-09,1.0098702,2.2577075089485645
2000-10-10,1.1538701,2.7188289275907875
2000-10-11,0.84342855,1.8579799577789902
2000-10-12,0.5890909,1.6896779607450068
2000-10-13,0.49932468,1.4506860596327782
2000-10-14,0.46192208,1.4790432058233023
2000-10-15,0.388987,1.2893955360389948
2000-10-16,0.3571948,1.3342169647837878
2000-10-17,0.29548052,1.187806680832863
2000-10-18,0.3254026,1.715877445215702
2000-10-19,0.7387013,1.565517707773924
2000-10-20,0.34971428,1.4701425730842352
2000-10-21,0.30857143,1.3575677747747301
2000-10-22,0.30483118,1.3605266957281827
2000-10-23,0.29548052,1.173958914587736
2000-10-24,0.30483118,1.2894783388950826
2000-10-25,0.29174027,1.1760524512944222
2000-10-26,0.37028572,1.2540697338460685
2000-10-27,0.31231168,1.136626828860581
2000-10-28,0.28612986,1.1235325146626234
2000-10-29,0.38711688,1.3275406810810566
2000-10-30,0.39646754,1.8297088510382773
2000-10-31,0.3945974,1.4260555813984872
2000-11-01,0.25246754,1.680764718776226
2000-11-02,9.22535,7.155585992294788
2000-11-03,12.266182,13.38157643554306
2000-11-04,5.7787013,5.9438414442555905
2000-11-05,3.055792,3.125378004606426
2000-11-06,2.0029092,2.4459913590527176
2000-11-07,1.483013,2.209447603946984
2000-11-08,1.2642078,1.9481724967692493
2000-11-09,1.0566233,1.8032909639202952
2000-11-10,0.86961037,1.7421224442856311
2000-11-11,0.79480517,1.6743996875032185
2000-11-12,0.67885715,1.5072983993115425
2000-11-13,0.6414545,1.4928884097650648
2000-11-14,0.5685195,1.3545950982979535
2000-11-15,0.48623377,1.3731901383867264
2000-11-16,0.6508052,1.380918315049529
2000-11-17,0.5722597,2.124029714988947
2000-11-18,2.88187,2.2075117163262368
2000-11-19,1.2024935,1.8087645833386778
2000-11-20,0.77236366,1.4769812259054185
2000-11-21,1.0771948,2.1991542919003964
2000-11-22,3.4952726,2.4900041787989737
2000-11-23,1.9243636,1.9222995711194277
2000-11-24,1.3296623,1.558154457053423
2000-11-25,1.0678442,1.580994829242587
2000-11-26,0.91075325,1.3583797552250623
2000-11-27,0.79480517,1.3857218247091174
2000-11-28,0.71251947,1.2454595853936672
2000-11-29,0.6152727,1.2763428929852247
2000-11-30,0.54046756,1.1240944682478309
2000-12-01,0.4507013,1.1922758773324489
2000-12-02,0.44696105,1.1349563419251443
2000-12-03,0.3815065,1.2284589722878336
2000-12-04,0.60405195,1.2782287482613326
2000-12-05,0.45818183,1.2284984857028722
2000-12-06,0.38524675,1.1717848676121831
2000-12-07,0.331013,1.141504105885446
2000-12-08,0.331013,1.085430389345467
2000-12-09,0.30857143,1.093838385548234
2000-12-10,0.26368833,1.0369961128570437
2000-12-11,0.28425974,1.1817560037252306
2000-12-12,0.29548052,1.134975761487484
2000-12-13,0.2692987,1.1019886679757833
2000-12-14,0.24124676,1.0745438366410136
2000-12-15,0.2375065,1.0953533811268807
2000-12-16,0.24124676,1.0313421881966591
2000-12-17,0.2188052,1.0479683004370928
2000-12-18,0.6451948,1.5516765495743154
2000-12-19,1.0771948,3.1807884891492724
2000-12-20,1.4568312,2.3868934502525327
2000-12-21,0.72748053,1.7136274731457233
2000-12-22,0.5647792,1.4397315384601355
2000-12-23,0.42077923,1.3459710594641567
2000-12-24,0.4189091,1.2553017971900702
2000-12-25,0.388987,1.328361427306056
2000-12-26,0.38337663,1.3075528268266916
2000-12-27,0.31231168,1.2760534875631333
2000-12-28,0.31231168,1.180496429334581
2000-12-29,0.28987014,1.1430931385455132
2000-12-30,0.2805195,1.0921526596506834
2000-12-31,0.27864936,1.1099320781211852
2001-01-01,0.28612986,1.0979678745649457
2001-01-02,0.26368833,1.0732154846337438
2001-01-03,0.25994805,1.061455051624
2001-01-04,0.25433767,1.048585410973668
2001-01-05,0.22441559,1.0367642918316127
2001-01-06,0.21132468,1.0689879537988305
2001-01-07,0.2131948,1.0299764805034994
2001-01-08,0.31231168,1.2707600385286808
2001-01-09,0.25433767,1.2256100955209732
2001-01-10,0.34036362,1.556949365323782
2001-01-11,0.36654547,1.7497929016937017
2001-01-12,0.25807792,1.3922879293671846
2001-01-13,0.22441559,1.2690126824923158
2001-01-14,0.21693507,1.270907303543091
2001-01-15,0.2188052,1.2318394595737456
2001-01-16,0.21506493,1.1888458971341849
2001-01-17,0.21132468,1.149241722613275
2001-01-18,0.21132468,1.0757620096036196
2001-01-19,0.21132468,1.0260409173940421
2001-01-20,0.20945455,0.9901624668228626
2001-01-21,0.42451948,1.4247992436015606
2001-01-22,0.28987014,1.4830056056890488
2001-01-23,0.27677923,1.2462066991114615
2001-01-24,0.2805195,1.1418106382826567
2001-01-25,0.26555845,1.1927861802761555
2001-01-26,0.46005195,1.7809015571232438
2001-01-27,0.4189091,4.207913415753305
2001-01-28,2.059013,4.7147912341521385
2001-01-29,1.6027013,3.62896825293082
2001-01-30,1.512935,2.8634728405172227
2001-01-31,1.051013,2.1761816239427922
2001-02-01,0.71251947,2.4320028009806274
2001-02-02,2.994078,2.9180644668480755
2001-02-03,2.087065,2.562948505263567
2001-02-04,1.4680519,1.9103299732403158
2001-02-05,1.3147013,2.0982474139633776
2001-02-06,1.4530909,2.949919022272766
2001-02-07,1.9598961,3.1896354483757614
2001-02-08,2.143169,2.9508560161556603
2001-02-09,2.0103896,2.950895394712627
2001-02-10,1.7261299,2.1579025563162566
2001-02-11,1.3932468,1.9753898225368858
2001-02-12,1.0884156,1.6769839727331997
2001-02-13,0.950026,1.6883962022015453
2001-02-14,0.8602597,1.542013024723053
2001-02-15,0.77236366,1.48380180774498
2001-02-16,0.6489351,1.3252041301289796
2001-02-17,0.5872208,1.3053996828522683
2001-02-18,0.52924675,1.155256797189951
2001-02-19,0.46566233,1.1505362252445221
2001-02-20,0.44322076,1.1110133701409102
2001-02-21,0.40394804,1.1754447808228732
2001-02-22,0.43574026,1.2062633565399647
2001-02-23,0.6077922,1.3761872241744995
2001-02-24,0.51054543,1.4470002536723017
2001-02-25,1.5110649,2.265202516005218
2001-02-26,0.84903896,1.7153535216067433
2001-02-27,0.59657145,1.3397171512423158
2001-02-28,0.4881039,1.2117148592345715
2001-03-01,1.9842077,1.8864704786025286
2001-03-02,2.4274285,4.327582422930062
2001-03-03,2.045922,2.9974068648132683
2001-03-04,1.6569351,2.2467002582698465
2001-03-05,1.843948,2.757418699695587
2001-03-06,1.2642078,2.341496851831496
2001-03-07,0.95189613,1.9253280788379312
2001-03-08,0.8452987,1.9028805482119322
2001-03-09,0.81724674,2.0357424508371356
2001-03-10,0.662026,1.8863967112372517
2001-03-11,0.58348054,1.8242791953513027
2001-03-12,0.5928312,1.7242552332103849
2001-03-13,0.49184415,1.6109929284508229
2001-03-14,0.41142857,1.44265472202456
2001-03-15,0.3515844,1.3754626317546963
2001-03-16,0.3067013,1.2580755580109357
2001-03-17,0.28612986,1.398792673602581
2001-03-18,0.63023376,1.6438800921313166
2001-03-19,0.6321039,1.688425938406378
2001-03-20,0.46566233,1.3994379694761634
2001-03-21,0.3945974,1.3906801514351368
2001-03-22,0.3441039,1.3377088448370098
2001-03-23,0.28987014,1.3957853386013508
2001-03-24,0.27116883,1.3469478364782332
2001-03-25,0.22815585,1.4644955261855126
2001-03-26,0.5591688,1.8269578812315466
2001-03-27,0.5647792,1.9125564800058008
2001-03-28,0.43387014,1.3866968485682607
2001-03-29,0.40768832,1.3400626576222778
2001-03-30,0.41516882,1.2151986478034853
2001-03-31,0.3646753,1.5632305148761272
2001-04-01,1.0734545,1.6140765931206942
2001-04-02,0.63771427,1.3510681551460624
2001-04-03,0.4881039,1.117965843174696
2001-04-04,0.44322076,1.1093234636431337
2001-04-05,0.39833766,1.0564334764623047
2001-04-06,0.3254026,1.032398666331172
2001-04-07,0.3010909,0.9971189855988025
2001-04-08,0.3010909,1.0350488971582652
2001-04-09,0.3141818,1.0099439882273673
2001-04-10,0.37028572,1.1703034516934157
2001-04-11,0.3141818,1.1380346122721434
2001-04-12,0.3197922,1.1222281673921346
2001-04-13,0.4768831,1.125027551246643
2001-04-14,0.30483118,1.0026594946208
2001-04-15,0.27490908,0.911536434935093
2001-04-16,0.24498701,0.889097804941833
2001-04-17,0.22441559,0.8281174123173356
2001-04-18,0.24685714,0.8457254261785745
2001-04-19,0.26368833,0.8400775701314211
2001-04-20,0.2131948,0.8153787188547255
2001-04-21,0.1944935,0.8277336062449814
2001-04-22,0.4507013,1.3940262499127387
2001-04-23,0.33662337,1.2255134022834897
2001-04-24,0.22815585,0.8748108059568405
2001-04-25,0.26555845,0.9911028321575523
2001-04-26,0.4394805,1.2023276585724354
2001-04-27,0.28425974,0.9064671200159788
2001-04-28,0.22254546,0.7970575755097866
2001-04-29,0.21693507,0.7386323387717604
2001-04-30,0.29548052,0.9392594784719943
2001-05-01,0.5049351,1.769615285093963
2001-05-02,0.5124156,2.843239274856031
2001-05-03,7.458078,8.214612404932499
2001-05-04,3.9422338,7.2565402054150105
2001-05-05,1.6849871,2.814679706699729
2001-05-06,1.0828052,1.9363411284137368
2001-05-07,0.8265974,1.607306043625772
2001-05-08,0.7031688,1.8627210281513333
2001-05-09,1.0472727,2.393353826182306
2001-05-10,0.7985455,1.7747420495516657
2001-05-11,0.6433247,1.32945161995852
2001-05-12,0.5460779,1.2508115628312826
2001-05-13,0.52176625,1.0823006032150388
2001-05-14,0.51054543,1.0696764042553901
2001-05-15,0.5385974,1.001098512439668
2001-05-16,0.52176625,0.9822939029073119
2001-05-17,0.45444155,0.901385263296187
2001-05-18,0.432,0.8847694002692104
2001-05-19,0.41142857,0.8294004520124794
2001-05-20,0.36093506,0.7800198764342068
2001-05-21,0.27116883,0.7444700749840139
2001-05-22,0.28987014,0.9338851145944596
2001-05-23,0.3553247,2.3214667870006562
2001-05-24,2.1543896,4.573098824985206
2001-05-25,1.0005195,3.907082278386295
2001-05-26,0.5947013,1.974644327115953
2001-05-27,0.46566233,1.381207990187764
2001-05-28,0.50306493,1.2426081463234424
2001-05-29,0.36654547,1.1222125238558054
2001-05-30,0.24498701,1.0243580235159992
2001-05-31,0.30857143,1.3489175734750032
2001-06-01,0.30296105,1.6843013717092872
2001-06-02,0.29922077,1.1616597235811352
2001-06-03,0.26181817,0.94441038252455
2001-06-04,0.3010909,0.8296168992177249
2001-06-05,0.27864936,0.8007951669698357
2001-06-06,0.2692987,1.1326684747369886
2001-06-07,0.72748053,1.656589791108489
2001-06-08,0.28987014,1.1369452287681103
2001-06-09,0.25994805,0.8820777680140734
2001-06-10,0.24685714,0.7575513079490066
2001-06-11,0.14025974,0.742876996581793
2001-06-12,0.1570909,0.7206537349292041
2001-06-13,0.2131948,0.7093431884469985
2001-06-14,0.33288312,1.4145316894466877
2001-06-15,0.85464936,3.094053711120069
2001-06-16,0.28987014,1.8338309228610397
2001-06-17,0.25246754,1.19173698447752
2001-06-18,0.27490908,0.8387395083429814
2001-06-19,0.31605196,0.8540222993301749
2001-06-20,10.287584,10.627457423119544
2001-06-21,133.19814,48.136365817430494
2001-06-22,12.948779,9.598183398283243
2001-06-23,9.120624,7.112396885651112
2001-06-24,11.620987,6.76872835149169
2001-06-25,8.707325,5.746252252338886
2001-06-26,5.645922,3.280032701919019
2001-06-27,3.530805,3.247020524805963
2001-06-28,5.271896,2.957746993908703
2001-06-29,2.6518443,2.710307785465777
2001-06-30,3.7832727,2.723602633616507
2001-07-01,2.5171947,2.590552199406922
2001-07-02,1.3838961,1.8283424690547585
2001-07-03,1.0042597,1.5551023491723537
2001-07-04,0.7312208,1.2879719742330313
2001-07-05,0.49932468,1.2254825197850465
2001-07-06,1.1744416,1.7288409470840096
2001-07-07,14.173715,6.528732229747773
2001-07-08,8.217351,5.578716451439858
2001-07-09,3.9310129,2.800077948975146
2001-07-10,2.3563635,1.8804980191765428
2001-07-11,1.5522078,1.6464279656819105
2001-07-12,1.3614545,1.4489981760060788
2001-07-13,2.3133507,1.9949883415379523
2001-07-14,1.512935,1.8722522572341562
2001-07-15,2.8687792,2.3490880126933456
2001-07-16,4.2582855,4.0387137359643575
2001-07-17,2.6256623,3.1984060779336096
2001-07-18,3.9123118,2.6764597580236793
2001-07-19,2.3245714,2.6384281634780766
2001-07-20,1.1894026,1.9159295500977636
2001-07-21,0.6395844,1.5460015870547295
2001-07-22,0.43387014,1.4277164934108257
2001-07-23,0.35345456,1.4222291184691191
2001-07-24,0.27490908,1.2136970031739474
2001-07-25,0.23563637,1.1828958241481184
2001-07-26,0.2001039,1.0155306187099218
2001-07-27,0.18888311,1.0208548153847457
2001-07-28,0.18514286,0.8848695998165608
2001-07-29,0.20197402,0.9392834832087755
2001-07-30,0.20758441,0.8124873617952466
2001-07-31,0.17766234,0.8810612078688145
2001-08-01,0.12716883,0.7875529134671093
2001-08-02,0.114077926,1.0349892898905277
2001-08-03,0.11220779,0.8796598976446985
2001-08-04,0.108467534,0.8677852398481369
2001-08-05,0.1065974,0.6938831939534547
2001-08-06,0.1065974,0.73998307721895
2001-08-07,0.114077926,0.6453932210813762
2001-08-08,0.108467534,0.7228353339567781
2001-08-09,0.108467534,0.6401267436612845
2001-08-10,0.1065974,0.6980120086798074
2001-08-11,0.09163637,0.6295297312369943
2001-08-12,0.108467534,0.6603156713007095
2001-08-13,0.10285714,0.6185773677935003
2001-08-14,0.14212987,0.749611673829615
2001-08-15,0.108467534,0.7161715920547249
2001-08-16,0.104727276,0.6898764257820846
2001-08-17,0.1065974,0.6207210717028975
2001-08-18,0.1065974,0.6261960397019983
2001-08-19,0.095376626,0.5700859114826322
2001-08-20,0.07854545,0.5847699326310156
2001-08-21,0.17205195,2.6206519816012976
2001-08-22,19.266077,20.00264384935474
2001-08-23,13.259221,14.200924452054023
2001-08-24,4.6771946,2.9028713564786317
2001-08-25,2.0777142,1.6295229669489861
2001-08-26,1.0921558,1.4929124145018458
2001-08-27,2.9473248,1.6082264499658345
2001-08-28,1.4250389,1.3710313303732873
2001-08-29,0.8864415,1.2361584241813421
2001-08-30,0.8041558,1.0485093510211707
2001-08-31,3.2297144,2.8728082556797863
2001-09-01,5.7001557,4.649044417837798
2001-09-02,2.4367793,2.057426010486364
2001-09-03,1.8495585,1.95905958890599
2001-09-04,2.810805,2.3007745690372587
2001-09-05,1.1912727,1.8426859735718368
2001-09-06,0.74057144,1.5686577431178093
2001-09-07,2.7603116,3.8090385721717475
2001-09-08,12.028675,8.216758806003332
2001-09-09,6.089143,5.8232928927345275
2001-09-10,3.6411428,2.9794540188624263
2001-09-11,2.4966233,2.0347474679833653
2001-09-12,1.5110649,1.8339977422958613
2001-09-13,0.9537662,1.6113474703215958
2001-09-14,0.81724674,2.857556886623323
2001-09-15,4.694026,6.744027207627774
2001-09-16,4.641662,5.9396085190978045
2001-09-17,2.8837402,3.5945530124387144
2001-09-18,1.814026,2.266829443783462
2001-09-19,1.1912727,2.0335325316144823
2001-09-20,0.82285714,1.6572077107934953
2001-09-21,0.6433247,1.6097832515467405
2001-09-22,0.6264935,1.4503494538855553
2001-09-23,0.44696105,1.3966627252165078
2001-09-24,0.3010909,1.2236290304461717
2001-09-25,0.3553247,1.1994122967761756
2001-09-26,0.33475325,1.1526768274182677
2001-09-27,0.29174027,1.1539203536983729
2001-09-28,0.3179221,1.1682987864560486
2001-09-29,0.45257142,1.115301047675848
2001-09-30,0.24872728,1.0971401157202125
2001-10-01,0.6825974,2.9814062243098616
2001-10-02,2.9117923,4.132402875040352
2001-10-03,0.77984416,2.079526955867827
2001-10-04,0.50867534,1.4430973262162208
2001-10-05,0.42264935,1.2874901263424754
2001-10-06,0.44322076,1.1838928298729658
2001-10-07,0.33662337,1.136645978706777
2001-10-08,0.24498701,1.0246583524419068
2001-10-09,0.27116883,0.9928487047551275
2001-10-10,1.008,2.902041170188606
2001-10-11,6.9849353,5.642148294093609
2001-10-12,2.030961,2.1937765565710663
2001-10-13,1.0977663,1.7418035049458147
2001-10-14,0.7835844,1.3957877660466433
2001-10-15,0.5591688,1.4258667800979614
2001-10-16,0.50306493,1.1944646238378287
2001-10-17,1.9785974,3.1686957658506034
2001-10-18,5.342961,7.698599031033516
2001-10-19,2.8968313,4.098178323861777
2001-10-20,1.7691429,2.4069332248645425
2001-10-21,1.2436364,1.8888400697821974
2001-10-22,1.3764156,2.3653947810197473
2001-10-23,3.4372988,4.829241503666222
2001-10-24,4.3312206,4.127906437210262
2001-10-25,3.1305974,2.5084125753163695
2001-10-26,2.259117,1.9696164136248826
2001-10-27,1.7915844,1.9170898689475655
2001-10-28,1.4904935,1.8383583780476451
2001-10-29,2.231065,3.123446027869761
2001-10-30,2.2123637,2.8442884706546665
2001-10-31,1.5671688,2.0998247139711976
2001-11-01,1.2342857,1.6538009261835813
2001-11-02,1.1164675,1.6325324596793651
2001-11-03,1.0715845,1.7086397473600508
2001-11-04,2.7547014,3.3230680703608395
2001-11-05,2.692987,3.0031340174066425
2001-11-06,1.6457143,3.022603207516849
2001-11-07,4.2283635,3.463407583351433
2001-11-08,2.3544936,2.307911258197129
2001-11-09,1.6288831,1.9491453628992437
2001-11-10,1.3801558,1.7342185475552678
2001-11-11,1.1052468,1.6971053364786506
2001-11-12,0.8509091,1.5572883985162973
2001-11-13,0.84155846,1.5563768928089738
2001-11-14,0.80976623,1.4330433872470856
2001-11-15,0.7985455,1.5334568194993734
2001-11-16,0.6489351,1.37958254584831
2001-11-17,0.54794806,1.3312077417695523
2001-11-18,0.49558443,1.2959744522138834
2001-11-19,0.4694026,1.275956659467578
2001-11-20,0.4694026,1.2232488655417562
2001-11-21,0.432,1.1757180032763481
2001-11-22,0.42264935,1.1179480419092178
2001-11-23,0.3815065,1.105474614273846
2001-11-24,0.3553247,1.0854663964506388
2001-11-25,0.27677923,1.0773070785322785
2001-11-26,0.27116883,1.0632180511966944
2001-11-27,0.29922077,1.0954264742017985
2001-11-28,0.25433767,1.0546950210586787
2001-11-29,0.22441559,1.0230643300331832
2001-11-30,0.97807795,1.8060106466543675
2001-12-01,3.0314806,2.5996402848657967
2001-12-02,1.0210909,1.6073064481999875
2001-12-03,0.6564156,1.3663138601635099
2001-12-04,0.58348054,1.3217331530768872
2001-12-05,0.68446755,1.4290352704949976
2001-12-06,0.48436365,1.312474741873324
2001-12-07,0.55355847,1.4459281320014596
2001-12-08,0.4189091,1.2576359206968546
2001-12-09,0.32914287,1.27936182578063
2001-12-10,0.31044155,1.1614446249566077
2001-12-11,0.3384935,1.2389913876957297
2001-12-12,0.28612986,1.1662663404558897
2001-12-13,0.28425974,1.5735038679280877
2001-12-14,1.497974,2.6698740989452006
2001-12-15,0.7648831,2.1356513790428044
2001-12-16,0.55542856,1.6758736862280368
2001-12-17,0.4263896,1.4943404266241789
2001-12-18,0.52176625,1.4710485496106147
2001-12-19,0.44322076,1.3230310271599293
2001-12-20,0.4020779,1.2355895928344727
2001-12-21,0.35345456,1.197910247572422
2001-12-22,0.42451948,1.2277977631617785
2001-12-23,0.40955845,1.2681961168675422
2001-12-24,0.3515844,1.1008029958084822
2001-12-25,0.3815065,1.1022455726025702
2001-12-26,0.3515844,1.0901404423612953
2001-12-27,0.37028572,1.136785017378807
2001-12-28,0.3141818,1.0665009012386202
2001-12-29,0.27677923,1.0911525521901846
2001-12-30,0.29735065,1.0961814096877576
2001-12-31,0.42077923,1.1826327160500287
2002-01-01,0.31044155,1.05220958679533
2002-01-02,0.3197922,1.22428821670115
2002-01-03,0.3254026,1.1679863203036784
2002-01-04,0.2936104,1.21610125287807
2002-01-05,0.2936104,1.1873311712716819
2002-01-06,0.33662337,1.3290543280789853
2002-01-07,0.31231168,1.1830006088699103
2002-01-08,0.35906494,1.2819947947745323
2002-01-09,0.4132987,1.4170415330210329
2002-01-10,0.30483118,1.3463587764205933
2002-01-11,0.29548052,1.1996884861072301
2002-01-12,0.3010909,1.2147286674232483
2002-01-13,0.2805195,1.1284978540083765
2002-01-14,0.28612986,1.1393753712220192
2002-01-15,0.3141818,1.1000755713691712
2002-01-16,0.32166234,1.2665125486991407
2002-01-17,0.52176625,1.391527869274497
2002-01-18,0.2936104,1.4145934544435739
2002-01-19,0.17766234,1.1483822721216679
2002-01-20,0.144,1.137784989981234
2002-01-21,0.22441559,1.3095031442611218
2002-01-22,0.5124156,2.236013969802022
2002-01-23,0.5311169,2.3035750317563415
2002-01-24,0.5124156,1.9827970369887948
2002-01-25,0.39646754,1.7130202072483898
2002-01-26,0.3254026,1.6004373174545765
2002-01-27,0.36093506,2.036988134846389
2002-01-28,1.5353767,3.1521071441541313
2002-01-29,1.0435325,2.3457203369242547
2002-01-30,0.74618185,1.745399765146613
2002-01-31,0.59657145,1.6413978944616914
2002-02-01,0.5385974,1.5427644538991452
2002-02-02,0.475013,1.4219383644663095
2002-02-03,0.44135064,1.3812824318434
2002-02-04,0.39646754,1.318461496254921
2002-02-05,0.3628052,1.2273370879884957
2002-02-06,0.3646753,1.1700280715107918
2002-02-07,0.3441039,1.1264395152584314
2002-02-08,0.32166234,1.107548326843977
2002-02-09,0.25807792,1.1001138710615634
2002-02-10,0.25433767,1.072550499481678
2002-02-11,0.23937662,1.0694319065712095
2002-02-12,0.20571429,1.0429103135960103
2002-02-13,0.1570909,1.022237110620737
2002-02-14,0.14587013,0.9554653729606868
2002-02-15,0.13464935,0.9595390307356715
2002-02-16,0.13838962,0.8994384521716237
2002-02-17,0.114077926,0.9100012106456756
2002-02-18,0.2001039,1.0198080470314026
2002-02-19,0.1757922,1.1707711394864322
2002-02-20,0.11968831,0.9730211967481375
2002-02-21,0.12529871,0.9693552149242162
2002-02-22,0.114077926,0.9231887117712498
2002-02-23,0.40394804,1.1976897546250225
2002-02-24,0.20384416,1.0707216891699434
2002-02-25,0.1944935,0.9992636335147023
2002-02-26,0.15896104,0.9073965618468522
2002-02-27,0.15896104,0.9417217171469927
2002-02-28,0.22628571,1.2378368677430154
2002-03-01,1.4212987,2.5323776638243793
2002-03-02,0.70503896,1.803143159473598
2002-03-03,0.43574026,1.4046320281116962
2002-03-04,0.30857143,1.1397073917948009
2002-03-05,0.26368833,1.1640959346482753
2002-03-06,1.3277922,2.3287292987415196
2002-03-07,5.498182,4.750478725693643
2002-03-08,2.6742857,2.411520017602742
2002-03-09,1.6232728,1.814196666470945
2002-03-10,1.1426493,1.6282163270912766
2002-03-11,0.92945457,1.528957549649775
2002-03-12,0.8527792,1.342628062722206
2002-03-13,0.63771427,1.3497911840641499
2002-03-14,0.5385974,1.1889976124649644
2002-03-15,0.51428574,1.2492811934324504
2002-03-16,0.5928312,1.2126451102138758
2002-03-17,0.45818183,1.1897188334329725
2002-03-18,0.3945974,1.0261377454895972
2002-03-19,0.34036362,1.0886015769039392
2002-03-20,0.25059742,0.9757561184443235
2002-03-21,0.25059742,1.0346247685224415
2002-03-22,0.26368833,0.9869272216802836
2002-03-23,0.42264935,1.217371750772536
2002-03-24,0.27303895,1.1787513658854365
2002-03-25,0.2318961,1.0869287973812818
2002-03-26,0.21132468,0.9555762262957097
2002-03-27,0.24872728,1.5409549282916783
2002-03-28,3.1717403,3.500481415871084
2002-03-29,0.89766234,1.879654751653552
2002-03-30,0.7443117,1.5552300597663522
2002-03-31,0.8191169,1.8545292094376684
2002-04-01,0.51615584,1.3847807850840688
2002-04-02,0.45818183,1.2350923711237312
2002-04-03,0.4189091,1.152897590081811
2002-04-04,0.42825973,1.1370014645840525
2002-04-05,0.3197922,1.03542676947546
2002-04-06,0.27490908,1.0137341743354202
2002-04-07,0.8004156,1.6047489997262954
2002-04-08,2.1263378,2.6692511895115376
2002-04-09,0.83594805,1.5745478042619228
2002-04-10,0.5124156,1.2932044674190284
2002-04-11,0.35345456,1.0765874758611322
2002-04-12,0.6882078,1.5813085091176033
2002-04-13,1.0173507,1.5994297928001284
2002-04-14,0.56290907,1.2856993460069894
2002-04-15,0.4768831,0.95225871772933
2002-04-16,0.5460779,1.1510414035815
2002-04-17,0.576,2.918183141951263
2002-04-18,4.273247,3.5392512235017417
2002-04-19,2.2086234,1.8659066455234885
2002-04-20,1.1202078,1.4054138003539443
2002-04-21,1.0098702,1.4010909248622656
2002-04-22,1.2511169,1.7698939018703104
2002-04-23,0.78171426,1.3821355440056324
2002-04-24,0.8733506,1.3234439625757932
2002-04-25,0.8265974,1.4939456970480085
2002-04-26,0.70503896,1.336730719242215
2002-04-27,0.46566233,1.0673492933683395
2002-04-28,0.4637922,1.0293555939409136
2002-04-29,0.49745455,0.8658907536554337
2002-04-30,0.50119483,0.8954738945767284
2002-05-01,0.4507013,1.3772952180924416
2002-05-02,2.9772468,3.2444708981004355
2002-05-03,1.0996363,2.4857771873963475
2002-05-04,0.6956883,1.863147988806665
2002-05-05,1.6943376,2.37842894851768
2002-05-06,1.9262338,2.5772712416375874
2002-05-07,1.1894026,1.809368612642288
2002-05-08,1.0098702,1.7682605009046197
2002-05-09,0.85651946,1.3600560410575866
2002-05-10,0.7087792,1.7948905197695493
2002-05-11,4.0993247,3.8258052065230013
2002-05-12,4.142338,3.8580921169258953
2002-05-13,2.5134544,2.100487136819899
2002-05-14,1.728,1.6045337662436963
2002-05-15,1.2791688,1.920822335800886
2002-05-16,8.6175585,10.300804201595783
2002-05-17,16.255169,11.351262271783352
2002-05-18,6.5735064,5.169719430704832
2002-05-19,3.7496104,3.4068456805915237
2002-05-20,3.194182,2.85942548006624
2002-05-21,2.0141299,2.232707115023315
2002-05-22,1.3876364,1.9678856451313496
2002-05-23,1.1033766,1.736044256131351
2002-05-24,1.1052468,1.737185964567244
2002-05-25,0.7929351,1.4329431876997352
2002-05-26,0.6059221,1.3489048968162536
2002-05-27,0.532987,1.1848068978836537
2002-05-28,0.4637922,1.1721630096455216
2002-05-29,0.34036362,1.1467410493878125
2002-05-30,0.3553247,1.20931816158247
2002-05-31,0.3010909,1.1233833616352082
2002-06-01,0.26181817,1.112227497361362
2002-06-02,0.24685714,0.9793699101944566
2002-06-03,0.24872728,0.9991410475274325
2002-06-04,0.3815065,0.9052902136233449
2002-06-05,0.24311689,0.858779282954991
2002-06-06,0.1814026,0.7674903478409649
2002-06-07,0.17766234,0.7572010815365315
2002-06-08,0.2131948,0.6993936296254395
2002-06-09,0.28612986,0.7098073699301479
2002-06-10,0.2562078,0.6332438573925496
2002-06-11,0.4002078,0.7743550282700062
2002-06-12,3.8375065,2.045277995378256
2002-06-13,1.2866493,2.0536274631778597
2002-06-14,0.41142857,1.0911255805758238
2002-06-15,0.38337663,0.8034184261825681
2002-06-16,0.34597403,0.6698477095319628
2002-06-17,0.33288312,0.6474980858660935
2002-06-18,0.34597403,0.839196677206397
2002-06-19,0.96685714,1.1302012463133335
2002-06-20,0.29735065,1.008763305808723
2002-06-21,1.0828052,1.5699326913286447
2002-06-22,0.37028572,0.8770367732900382
2002-06-23,0.3441039,0.7562837769321202
2002-06-24,0.27490908,0.614365885069132
2002-06-25,1.3090909,1.9289143595414162
2002-06-26,0.9425455,3.6933160516082646
2002-06-27,0.42825973,2.0880124954618813
2002-06-28,0.31605196,1.2405105638746023
2002-06-29,0.37776622,1.0633094849693776
2002-06-30,1.1052468,2.1269419750495553
2002-07-01,5.241974,5.81936258908987
2002-07-02,4.695896,5.341326866507769
2002-07-03,1.5428572,2.537241589900136
2002-07-04,0.91636366,1.6319392190214992
2002-07-05,0.74618185,1.4526490537259578
2002-07-06,0.61714286,1.3005253727049828
2002-07-07,0.75927275,1.7518995196333527
2002-07-08,0.45257142,1.4137128312346936
2002-07-09,0.44509092,1.3703806401768326
2002-07-10,2.5976105,3.9118441169016958
2002-07-11,2.448,5.865681481863975
2002-07-12,0.9014026,2.5606632003787757
2002-07-13,0.5049351,1.5904273422168493
2002-07-14,0.432,1.2847677464469671
2002-07-15,0.35345456,1.2140894401628972
2002-07-16,0.50867534,1.405873666378796
2002-07-17,0.4563117,1.6486652610931396
2002-07-18,1.5503377,1.8009997252803445
2002-07-19,1.1688311,3.9153711949116587
2002-07-20,2.9286234,3.5794858595083356
2002-07-21,1.0397922,2.380607310951531
2002-07-22,0.58348054,1.4750403485360146
2002-07-23,0.36654547,1.344251753906727
2002-07-24,0.3141818,1.1258536917945146
2002-07-25,0.26742858,1.0604394354852438
2002-07-26,0.3515844,1.3146420459452868
2002-07-27,0.28425974,2.920229748048961
2002-07-28,0.144,2.33143468651998
2002-07-29,0.144,1.5074575318362713
2002-07-30,0.13464935,1.1320794146793485
2002-07-31,0.15335065,1.1003280256795884
2002-08-01,0.16083117,0.9935994596408606
2002-08-02,0.13838962,0.9954351477142573
2002-08-03,0.1065974,0.8287712042494417
2002-08-04,0.117818184,0.8493491974260212
2002-08-05,0.13651948,0.7154099136651753
2002-08-06,0.12342857,0.7432015999606252
2002-08-07,0.11968831,0.6615956092602016
2002-08-08,0.12342857,0.6857563768303989
2002-08-09,0.09724675,0.671266146731198
2002-08-10,0.52737665,0.8940052901747824
2002-08-11,0.331013,0.9297097738333344
2002-08-12,0.16083117,1.2978531600121856
2002-08-13,0.15148053,1.5280975597258806
2002-08-14,0.1065974,1.1185203795659542
2002-08-15,0.9275844,1.225767070316553
2002-08-16,0.32353246,1.6190884585012197
2002-08-17,0.108467534,1.1327545141867996
2002-08-18,0.02057143,0.8976356694677472
2002-08-19,0.0037402597,0.7518064889482261
2002-08-20,0.016831169,0.6931045234468578
2002-08-21,0.0,0.620406178105235
2002-08-22,0.0,0.6010951765132546
2002-08-23,0.0,0.5665619352083207
2002-08-24,0.0018701298,0.6126512995442153
2002-08-25,0.0018701298,0.6379474372209311
2002-08-26,0.018701298,0.6207013824244143
2002-08-27,0.0,0.583292023022115
2002-08-28,0.0,0.6583395959745646
2002-08-29,0.056103896,0.7215384038802384
2002-08-30,0.0,0.9187401485566498
2002-08-31,0.04114286,3.5005429111518263
2002-09-01,0.2375065,11.916813870346546
2002-09-02,0.18327273,8.893469597696305
2002-09-03,0.07854545,3.1014091400724055
2002-09-04,0.024311688,1.7539490926086307
2002-09-05,0.052363638,1.4018698650850057
2002-09-06,0.13277923,1.2671140156993865
2002-09-07,0.09350649,1.0799679631470442
2002-09-08,0.029922077,1.0063753739312886
2002-09-09,0.016831169,0.8838729986659288
2002-09-10,0.033662338,0.8443312634322644
2002-09-11,0.028051948,0.8162400573593378
2002-09-12,0.0056103896,0.8117426755227446
2002-09-13,0.0,0.7541874082059263
2002-09-14,0.0,0.7238887103556393
2002-09-15,0.0,0.7038413836916089
2002-09-16,0.0,0.7112863584036231
2002-09-17,0.104727276,1.5486603139403463
2002-09-18,1.152,2.267971961367786
2002-09-19,0.15522078,1.13960193278265
2002-09-20,0.06919481,0.8449800656157136
2002-09-21,0.018701298,0.734153702207148
2002-09-22,0.08415584,0.737935527114749
2002-09-23,0.061714284,0.6984996554674505
2002-09-24,0.014961039,0.6789517082433103
2002-09-25,0.0,0.6047724864152073
2002-09-26,0.0074805194,0.621624485925913
2002-09-27,0.0,0.6934360045873524
2002-09-28,0.07293507,1.4444504921087027
2002-09-29,0.35345456,1.7201568964082599
2002-09-30,0.09724675,1.0785056970744729
2002-10-01,0.0878961,0.8256404741125107
2002-10-02,0.035532467,0.7245291513386367
2002-10-03,0.018701298,0.6626813515962957
2002-10-04,0.0,0.6223260176154377
2002-10-05,0.0,0.5989481011520623
2002-10-06,0.0,0.5634344416651129
2002-10-07,0.06545454,0.7687515405284762
2002-10-08,0.10098701,0.8373742052240372
2002-10-09,0.052363638,0.7037218994399908
2002-10-10,0.054233767,0.6449276910175086
2002-10-11,0.071064934,0.5706184660081863
2002-10-12,0.056103896,0.5498425011821984
2002-10-13,0.061714284,0.5341539222569467
2002-10-14,0.052363638,0.5541402930725217
2002-10-15,0.17018181,0.5472927396185994
2002-10-16,0.11968831,0.5178145182771683
2002-10-17,0.0878961,0.5036608939251899
2002-10-18,0.059844155,0.4684928756762745
2002-10-19,0.057974026,0.5006368365230562
2002-10-20,0.13090909,0.618530706900656
2002-10-21,0.17766234,1.154861797897637
2002-10-22,0.117818184,1.2447836767377853
2002-10-23,0.039272726,0.7899067262523771
2002-10-24,0.029922077,0.6330160821092723
2002-10-25,0.02057143,0.5749720891402363
2002-10-26,0.013090909,0.5582139508475064
2002-10-27,0.056103896,0.5793251728399991
2002-10-28,0.104727276,0.6005225691403746
2002-10-29,0.08415584,0.6417813173442481
2002-10-30,0.086025976,0.6182487186725139
2002-10-31,0.07293507,0.5577647386103273
2002-11-01,0.09163637,0.7340174955546259
2002-11-02,0.44322076,1.2376197462474108
2002-11-03,0.12342857,1.1627980605652333
2002-11-04,0.17766234,1.4381096004305483
2002-11-05,0.095376626,1.3492656421583296
2002-11-06,0.057974026,0.9937206970474124
2002-11-07,0.052363638,0.840546336789012
2002-11-08,0.089766234,0.793902570919931
2002-11-09,0.14587013,0.9968913451735975
2002-11-10,0.04114286,0.9668813784550427
2002-11-11,0.033662338,0.8596736616871954
2002-11-12,0.043012988,0.7812391282613875
2002-11-13,0.046753246,0.8279983326399327
2002-11-14,0.04114286,0.7247403390790819
2002-11-15,0.035532467,0.7213803502200844
2002-11-16,0.039272726,0.6956372928934096
2002-11-17,0.039272726,0.6582229437424543
2002-11-18,0.04114286,0.6235267938867808
2002-11-19,0.06358442,0.6445103052852752
2002-11-20,0.046753246,0.6089390614016654
2002-11-21,0.056103896,0.6022394472525119
2002-11-22,0.061714284,0.59250943737185
2002-11-23,0.050493505,0.6254045576785803
2002-11-24,0.026181819,0.5822116750088928
2002-11-25,0.039272726,0.600878999024153
2002-11-26,0.071064934,0.656189284019649
2002-11-27,0.09163637,0.7233484689199923
2002-11-28,0.043012988,0.6879378409999015
2002-11-29,0.03179221,0.6201611409887673
2002-11-30,0.035532467,0.5951345845975875
2002-12-01,0.080415584,0.6214892232798932
2002-12-02,0.089766234,0.6709480165398123
2002-12-03,0.067324676,0.6086617932060361
2002-12-04,0.07854545,0.7631747546851635
2002-12-05,0.3571948,0.9911791618261934
2002-12-06,0.13277923,0.7957919325059057
2002-12-07,0.108467534,0.7832752154294846
2002-12-08,0.3067013,0.9453804166350366
2002-12-09,0.15148053,1.1827524700177907
2002-12-10,0.11220779,1.1281520779122711
2002-12-11,0.07293507,0.9150360018984078
2002-12-12,0.043012988,0.845120857442677
2002-12-13,0.033662338,0.8029559978543519
2002-12-14,0.024311688,0.7590869368126394
2002-12-15,0.043012988,0.7130728232808115
2002-12-16,0.046753246,0.6662143633614184
2002-12-17,0.10098701,0.8006337418578864
2002-12-18,0.0878961,0.9569583866736293
2002-12-19,0.043012988,0.9477083366705179
2002-12-20,0.38337663,1.4758838857751488
2002-12-21,0.07480519,2.6672141583369373
2002-12-22,0.9088831,3.2342305852760673
2002-12-23,0.1570909,2.746873742487013
2002-12-24,0.11968831,1.6010676440821887
2002-12-25,0.10285714,1.2456756280246972
2002-12-26,0.12155844,1.3025642918925882
2002-12-27,0.080415584,1.3945006806093454
2002-12-28,0.06545454,1.2313091976354122
2002-12-29,0.08228572,1.1199919508454799
2002-12-30,0.08228572,0.9983453849037887
2002-12-31,0.0878961,0.9665465258627535
2003-01-01,0.11594805,0.9048304824565649
2003-01-02,0.10098701,0.9037553939081431
2003-01-03,0.0878961,0.8709384912830591
2003-01-04,0.3179221,1.5419110720207692
2003-01-05,0.4020779,2.207514278629601
2003-01-06,0.24124676,1.5798757769627572
2003-01-07,0.17205195,1.278917873008251
2003-01-08,0.1814026,1.1896741954112053
2003-01-09,0.17392208,1.086650720037222
2003-01-10,0.17018181,1.056154455111742
2003-01-11,0.1814026,0.9950458124609589
2003-01-12,0.15522078,0.9989603377112151
2003-01-13,0.20384416,0.9346737645983696
2003-01-14,0.21693507,0.9441310914578438
2003-01-15,0.19075325,0.9398675535177587
2003-01-16,0.18701299,0.9194848348291516
2003-01-17,0.17953247,0.8584476669564247
2003-01-18,0.1814026,0.8315897379501462
2003-01-19,0.21693507,0.820658277507782
2003-01-20,0.19262338,0.8721700151947738
2003-01-21,0.20197402,0.8520018556984068
2003-01-22,0.17953247,0.804845089724183
2003-01-23,0.1814026,0.9022948809905051
2003-01-24,0.4694026,1.2078565698002577
2003-01-25,0.31044155,1.053653512170136
2003-01-26,0.2318961,0.9061805466133952
2003-01-27,0.19075325,1.0050418973172903
2003-01-28,1.0884156,2.404753378991902
2003-01-29,0.7648831,2.7755633138245344
2003-01-30,0.6077922,1.987025242114067
2003-01-31,0.39085713,1.5941645291026831
2003-02-01,0.41703895,1.4328045536019207
2003-02-02,0.43012986,1.3103491089455486
2003-02-03,0.388987,1.2309947086119652
2003-02-04,0.388987,1.0734999003071786
2003-02-05,0.37776622,1.0152855815934538
2003-02-06,0.4132987,1.1344855523964763
2003-02-07,0.4132987,1.0808406297296882
2003-02-08,0.3272727,0.9675291017739176
2003-02-09,0.576,1.2300841469111443
2003-02-10,0.7966753,2.1060836119416955
2003-02-11,0.5516883,1.457618573671937
2003-02-12,0.7761039,1.378025744267404
2003-02-13,0.59096104,1.5270324506747723
2003-02-14,0.46753246,1.1951568503203989
2003-02-15,0.42264935,1.047701820887208
2003-02-16,0.39833766,1.154071664454937
2003-02-17,1.1071169,1.536983627793193
2003-02-18,0.59844154,1.268154310865283
2003-02-19,0.53485715,1.0827689652984143
2003-02-20,0.48249352,1.090845884934902
2003-02-21,0.75553244,1.2332539858888985
2003-02-22,0.388987,1.1046670841398836
2003-02-23,0.4694026,1.2093389297255277
2003-02-24,0.68633765,2.285246606075525
2003-02-25,0.92384416,1.9186109331394434
2003-02-26,0.74057144,1.3488428621032238
2003-02-27,0.61714286,1.1994454718618393
2003-02-28,0.5385974,1.1506155217907428
2003-03-01,0.4637922,1.1253110229135752
2003-03-02,1.382026,2.1977610731605886
2003-03-03,1.8981818,4.01711621576494
2003-03-04,2.1637402,2.722894359023392
2003-03-05,1.8177662,2.91127274463588
2003-03-06,1.3614545,1.945901756556213
2003-03-07,1.4287792,1.9558262317764163
2003-03-08,1.6569351,2.487607076572657
2003-03-09,1.2623377,2.1975092931405307
2003-03-10,0.98742855,1.5568293416398764
2003-03-11,0.80976623,1.5708535022429229
2003-03-12,0.5947013,1.2980299589443207
2003-03-13,0.51428574,1.310844307785213
2003-03-14,0.46005195,1.1201259997688533
2003-03-15,0.4507013,1.3618863348081112
2003-03-16,1.3951169,1.9840783235290052
2003-03-17,1.2978702,2.436025077830255
2003-03-18,1.4418701,2.6976242489545346
2003-03-19,1.1332988,1.8782658483720422
2003-03-20,0.89018184,1.4813882528339029
2003-03-21,0.7293506,1.3399508602807522
2003-03-22,0.6003117,1.2202505660313367
2003-03-23,1.0098702,1.5213144684302806
2003-03-24,0.67137665,1.4080784609947206
2003-03-25,0.5591688,1.3247328011680246
2003-03-26,0.8116364,1.3944556380133628
2003-03-27,0.55542856,1.299339970253825
2003-03-28,0.76114285,1.3153016367744803
2003-03-29,0.6470649,1.3168662601235508
2003-03-30,0.53672725,1.2147426926627158
2003-03-31,0.4637922,1.1137535513018966
2003-04-01,0.39833766,1.1204708318584562
2003-04-02,1.0884156,1.5925880382432938
2003-04-03,0.8452987,2.034689209296346
2003-04-04,0.72748053,2.0496064000508785
2003-04-05,3.0688832,3.9895574293594955
2003-04-06,5.733818,7.591225034263134
2003-04-07,3.2334545,3.2707512299851773
2003-04-08,2.0216105,2.320553528138399
2003-04-09,1.9187533,2.6532864212552307
2003-04-10,1.3633246,2.4002439947869183
2003-04-11,1.0958961,1.7911766633301378
2003-04-12,0.9631169,1.8386127203710676
2003-04-13,1.0154805,1.9123107685989738
2003-04-14,0.8378182,1.8430084192215204
2003-04-15,0.74057144,1.5122858553810716
2003-04-16,0.6695065,1.5344957660845517
2003-04-17,0.5685195,1.3230191596496106
2003-04-18,0.49558443,1.427492629011631
2003-04-19,0.5198961,1.2803938946041464
2003-04-20,0.66015583,1.504249932598412
2003-04-21,0.9481558,1.6228331974390746
2003-04-22,0.5591688,1.429242007919073
2003-04-23,0.46566233,1.1536474009610413
2003-04-24,0.4002078,1.496989308870554
2003-04-25,1.7298701,2.529402964476526
2003-04-26,2.448,3.0004398228481413
2003-04-27,2.2104936,2.64774712595588
2003-04-28,1.3876364,1.698001738081932
2003-04-29,0.9705974,1.362509379099846
2003-04-30,0.7648831,1.6948333825429678
2003-05-01,3.1175065,2.5801624638389944
2003-05-02,1.6644156,1.7503228939158917
2003-05-03,1.1407793,1.2510222111394405
2003-05-04,0.90327275,1.1395092852873205
2003-05-05,0.82285714,1.022579784981191
2003-05-06,0.83594805,1.004285882966757
2003-05-07,0.76862335,1.062806734077692
2003-05-08,0.7704935,2.1894806526937485
2003-05-09,3.168,3.905047000366628
2003-05-10,1.5821298,2.129517494504869
2003-05-11,1.0603637,1.7883845618115068
2003-05-12,3.1081557,3.6013331368567347
2003-05-13,2.5845194,3.633135367349565
2003-05-14,1.728,2.826791849560738
2003-05-15,5.060571,9.530005630366563
2003-05-16,7.7273765,13.4589547605505
2003-05-17,8.176208,8.772050941895962
2003-05-18,4.379844,4.086262534353316
2003-05-19,3.0950649,2.8661586738752725
2003-05-20,2.246026,2.3376926404839753
2003-05-21,1.7392207,2.071209719147384
2003-05-22,1.2604675,1.7407425764949322
2003-05-23,0.99303895,1.6556228587336541
2003-05-24,0.8752208,1.456328251640916
2003-05-25,0.89766234,1.4540248757745027
2003-05-26,0.89205194,2.369015720247686
2003-05-27,2.8201559,4.1878670330957775
2003-05-28,1.0435325,2.6837113462607265
2003-05-29,0.56290907,1.870065129025638
2003-05-30,0.47127274,1.496426276420772
2003-05-31,0.5124156,6.355320932376385
2003-06-01,2.836987,18.533172040290832
2003-06-02,3.6935065,6.414509600658894
2003-06-03,1.6232728,3.001835064459026
2003-06-04,0.84903896,2.4562783327699305
2003-06-05,0.5311169,2.0711462009955643
2003-06-06,0.34971428,1.8452262950704097
2003-06-07,0.29735065,1.685178286321193
2003-06-08,0.5198961,1.5706951788666248
2003-06-09,0.50867534,1.446388942032814
2003-06-10,0.44322076,1.5186717896552087
2003-06-11,0.7181299,1.6218368660045863
2003-06-12,0.34036362,1.4487710750131606
2003-06-13,0.32914287,1.3285931134734155
2003-06-14,0.4637922,1.4652790515826941
2003-06-15,0.97433764,1.7986032973443866
2003-06-16,0.9575065,2.3442827498788237
2003-06-17,1.0098702,2.5112116894547345
2003-06-18,0.921974,3.3213219280471207
2003-06-19,2.893091,4.997606411990702
2003-06-20,3.1436882,7.255457564814567
2003-06-21,2.6836364,5.30868527937603
2003-06-22,1.4867532,3.01489849615854
2003-06-23,1.6644156,2.498490797257602
2003-06-24,2.8743896,3.6063752104453446
2003-06-25,4.780052,7.7035240478158
2003-06-26,4.9614544,5.632393200611592
2003-06-27,3.3512728,3.018059839077771
2003-06-28,2.9136624,2.67662873518765
2003-06-29,4.088104,4.372275197074353
2003-06-30,5.1091948,4.488705183082521
2003-07-01,3.5962598,4.308855761363208
2003-07-02,22.785662,14.225390942873
2003-07-03,13.307844,12.264533001550674
2003-07-04,5.337351,6.701919123287677
2003-07-05,5.6253505,6.0472106957256795
2003-07-06,5.011948,4.113850989534557
2003-07-07,3.1792207,3.120110178605616
2003-07-08,2.2946494,3.0072110466334223
2003-07-09,2.9174025,2.7683142878908513
2003-07-10,1.9916884,2.3567642689985036
2003-07-11,1.3464935,2.0131523752292395
2003-07-12,1.1033766,2.635588187343955
2003-07-13,3.4092467,3.9121467384148243
2003-07-14,6.91013,8.878992313971995
2003-07-15,20.59387,13.194929627572536
2003-07-16,4.3274803,5.02039850499016
2003-07-17,2.3694546,3.4675560873562694
2003-07-18,1.6849871,2.621690253896117
2003-07-19,1.8383377,2.7324106188602446
2003-07-20,1.2885195,2.446677247205913
2003-07-21,0.9481558,4.905537188073218
2003-07-22,12.649558,9.78924006520176
2003-07-23,5.5486755,6.078720014486551
2003-07-24,3.527065,4.059027946752488
2003-07-25,4.3854547,4.495612613520324
2003-07-26,2.8556883,3.327561001881063
2003-07-27,1.8944416,2.695624708323896
2003-07-28,1.3483636,2.27061032468456
2003-07-29,1.0603637,2.0704821598500014
2003-07-30,1.6457143,2.8970786628623606
2003-07-31,3.0539222,4.002183651190221
2003-08-01,1.3034805,2.4545576786317826
2003-08-02,0.72748053,2.1054144461894033
2003-08-03,0.45444155,1.773658599802792
2003-08-04,0.40768832,1.853514267589271
2003-08-05,0.35345456,1.7310462811322211
2003-08-06,0.31605196,2.0961650704766512
2003-08-07,0.3254026,2.0774432638003826
2003-08-08,0.38711688,4.259307557201684
2003-08-09,19.769142,37.79269560910225
2003-08-10,25.893818,43.4641658440609
2003-08-11,8.237922,9.647013348354339
2003-08-12,4.594909,5.7235680457968705
2003-08-13,8.516571,5.565532726340294
2003-08-14,4.652883,6.146201375320434
2003-08-15,31.616415,21.43802785332489
2003-08-16,15.232208,22.096230183811187
2003-08-17,6.541714,8.434915472167015
2003-08-18,4.8455067,6.297727365367174
2003-08-19,3.6336622,5.083366570734977
2003-08-20,2.633143,4.666535779466927
2003-08-21,2.0702338,3.6438315004566313
2003-08-22,1.6737663,3.6673461630048156
2003-08-23,1.367065,3.019723717967689
2003-08-24,1.137039,3.0804646026566624
2003-08-25,1.0210909,2.5889117858214976
2003-08-26,0.8864415,2.7273804127819536
2003-08-27,0.9612467,3.0767840561609865
2003-08-28,0.7835844,2.9525832783393264
2003-08-29,1.3614545,2.805756957236886
2003-08-30,1.0846753,2.785362505896032
2003-08-31,0.6751169,2.191156129377842
2003-09-01,0.4563117,2.125041150527477
2003-09-02,0.3179221,1.8585390793446899
2003-09-03,0.331013,1.9196947874625325
2003-09-04,0.30296105,1.7043369657210707
2003-09-05,0.3010909,1.7739806408782601
2003-09-06,0.3197922,1.5804324710831643
2003-09-07,0.34036362,1.667549706604004
2003-09-08,0.37402597,1.5712254408049584
2003-09-09,0.33288312,1.6483923083558083
2003-09-10,0.3515844,1.9362159801231027
2003-09-11,1.3464935,2.9119165570706724
2003-09-12,0.68072724,3.6468153701533677
2003-09-13,1.9617662,6.420894321210384
2003-09-14,0.97807795,4.8080933305620555
2003-09-15,0.62275326,2.7418370632212756
2003-09-16,0.53672725,1.8585525651518702
2003-09-17,0.51615584,1.9296841294152736
2003-09-18,0.4637922,1.548121555943489
2003-09-19,0.40394804,1.6760391570821405
2003-09-20,0.37028572,1.4635005433317423
2003-09-21,0.51428574,2.662930391686082
2003-09-22,0.475013,2.469670009016216
2003-09-23,0.29174027,1.8593467443367242
2003-09-24,0.28425974,1.8302469347447752
2003-09-25,0.33288312,2.9578451705849766
2003-09-26,0.676987,2.7152383314290045
2003-09-27,0.35906494,2.000427572148025
2003-09-28,0.34223378,1.5219112153980137
2003-09-29,0.3197922,1.4964706447263956
2003-09-30,0.27490908,1.314032217744589
2003-10-01,0.26181817,1.3318744800765514
2003-10-02,0.23002598,1.2170588800459503
2003-10-03,0.2375065,1.276565678519845
2003-10-04,0.23002598,1.1671307806961537
2003-10-05,0.2375065,1.1947839677518606
2003-10-06,0.2188052,1.1404054171744584
2003-10-07,0.29174027,1.402339036316812
2003-10-08,0.22067532,1.2519871206431985
2003-10-09,0.20384416,1.175584628643334
2003-10-10,0.18701299,1.0626074138475656
2003-10-11,0.20197402,1.0589551875469685
2003-10-12,0.22067532,1.1282981292040348
2003-10-13,0.27864936,2.4070769835690857
2003-10-14,0.3515844,3.782460203948319
2003-10-15,0.4694026,2.7896949563108087
2003-10-16,0.27490908,2.3161011888977887
2003-10-17,0.19075325,1.6417017296974659
2003-10-18,0.14774026,1.4869469676955938
2003-10-19,0.12716883,1.3148002344635128
2003-10-20,0.14212987,1.23960512678051
2003-10-21,0.19262338,1.2382028725498915
2003-10-22,0.2823896,1.475775864459634
2003-10-23,0.24311689,1.4032180412288309
2003-10-24,0.19075325,1.2265567991850377
2003-10-25,0.13651948,1.105047249044299
2003-10-26,0.09350649,1.0809042827395796
2003-10-27,0.12529871,1.05343328893888
2003-10-28,0.13090909,1.0808402251554727
2003-10-29,0.13838962,1.0625057308614254
2003-10-30,0.12903896,1.0344285500279664
2003-10-31,0.12155844,0.9988281768008471
2003-11-01,0.13090909,0.9760911058946848
2003-11-02,0.13090909,1.054191730734706
2003-11-03,0.48249352,1.9332623186344504
2003-11-04,1.4848831,3.6290782971174123
2003-11-05,0.43574026,2.836393744273186
2003-11-06,1.4680519,3.3454019156323076
2003-11-07,4.955844,6.288245224622488
2003-11-08,1.772883,2.9357144215696453
2003-11-09,0.94441557,2.3183701759558915
2003-11-10,0.69942856,2.03698894399482
2003-11-11,0.9350649,2.881241200625837
2003-11-12,0.81724674,2.7587156297721265
2003-11-13,0.7443117,2.259722423399389
2003-11-14,0.8864415,2.0053933160679938
2003-11-15,0.68633765,1.9229436532703637
2003-11-16,0.6264935,1.5531763061908483
2003-11-17,0.6208831,1.5879323330304027
2003-11-18,0.5198961,1.393726055844903
2003-11-19,0.43012986,1.4652760847051143
2003-11-20,0.432,1.4431140486171246
2003-11-21,0.6489351,1.9646243723809123
2003-11-22,0.60966235,1.872390621615827
2003-11-23,0.39085713,1.6716077882716953
2003-11-24,0.27116883,1.3829701806120276
2003-11-25,0.25433767,1.4156537086040974
2003-11-26,0.38524675,1.240788236644447
2003-11-27,0.41142857,1.3335525190640092
2003-11-28,0.3010909,1.682817123771012
2003-11-29,0.41142857,3.3299765796632173
2003-11-30,0.9537662,3.4781537740709183
2003-12-01,0.54794806,2.7476939492797254
2003-12-02,0.37028572,1.9758437548065781
2003-12-03,0.33288312,1.866962584225714
2003-12-04,0.26368833,1.6235753214082123
2003-12-05,0.24685714,1.612273540700674
2003-12-06,0.20384416,1.6135905646299125
2003-12-07,0.5255065,1.9261164591256976
2003-12-08,0.31231168,1.6638949180000424
2003-12-09,0.21506493,1.572321297496438
2003-12-10,0.19823377,1.435679592834711
2003-12-11,0.19823377,1.4370528525798918
2003-12-12,0.81724674,2.078947605591357
2003-12-13,0.66015583,2.737590382540166
2003-12-14,0.3927273,1.9069532619804144
2003-12-15,0.3197922,1.7009055020840167
2003-12-16,0.34971428,1.5476131410127878
2003-12-17,0.31044155,1.5799128629325032
2003-12-18,0.2805195,1.497796569288373
2003-12-19,0.26181817,1.584075257318735
2003-12-20,0.3179221,1.5025130954916477
2003-12-21,0.22628571,1.4923175555471182
2003-12-22,0.25246754,1.40965198497653
2003-12-23,0.25246754,1.3475346039486527
2003-12-24,0.24685714,1.2518840890763403
2003-12-25,0.24685714,1.272778459289372
2003-12-26,0.24872728,1.183317929912865
2003-12-27,0.25246754,1.2490967075902224
2003-12-28,0.19075325,1.142603334028721
2003-12-29,0.17766234,1.202941802231431
2003-12-30,0.18327273,1.0763532273904086
2003-12-31,0.23002598,1.1123700423432588
